"Hydropeak","MeanAbund","SdAbund","SizeMean","SizeSd","S3Yrprod","S3Yrprodsd"
0,36643.0247422737,569.205886649405,1367.66768343432,377.734029433526,533.351375119237,54.8236401272753
0.05,36177.711768021,1545.33177513868,1350.30216094529,372.93783103455,525.597154906234,54.0175874419044
0.1,35938.7823735692,543.090882515315,1341.38802118177,370.475830679475,522.304097761415,53.678029786654
0.15,0,0,0,0,0,0
0.2,0,0,0,0,0,0
0.25,0,0,0,0,0,0
0.3,0,0,0,0,0,0
0.35,0,0,0,0,0,0
0.4,0,0,0,0,0,0
0.45,0,0,0,0,0,0
0.5,0,0,0,0,0,0
0.55,0,0,0,0,0,0
0.6,0,0,0,0,0,0
0.65,0,0,0,0,0,0
0.7,0,0,0,0,0,0
